name,state,state_code,type,degree_length,room_and_board,in_state_tuition,in_state_total,out_of_state_tuition,out_of_state_total,rank,state_name,early_career_pay,mid_career_pay,make_world_better_percent,stem_percent,total_enrollment,ivy_league,tuition_avg
Adams State University,Colorado,CO,Public,4 Year,8782,9440,18222,20456,29238,16,Colorado,44400,81400,56,3,3154,0,23730
Agnes Scott College,Georgia,GA,Private,4 Year,12330,41160,53490,41160,53490,14,Georgia,46000,83600,57,26,873,0,53490
Alabama State University,Alabama,AL,Public,4 Year,5422,11068,16490,19396,24818,20,Alabama,39800,71500,61,16,5519,0,20654
Alaska Pacific University,Alaska,AK,Private,4 Year,7300,20830,28130,20830,28130,3,Alaska,50300,90000,67,6,579,0,28130
Albany College of Pharmacy and Health Sciences,New York,NY,Private,4 Year,10920,35105,46025,35105,46025,1,New-York,81000,144800,82,2,1563,0,46025
Albertus Magnus College,Connecticut,CT,Private,4 Year,13200,32060,45260,32060,45260,18,Connecticut,49700,85900,62,2,1550,0,45260
Albion College,Michigan,MI,Private,4 Year,12380,45775,58155,45775,58155,7,Michigan,52100,99300,44,23,1268,0,58155
Alcorn State University,Mississippi,MS,Public,4 Year,9608,7144,16752,7144,16752,10,Mississippi,40900,69500,67,19,3639,0,16752
Allen College,Iowa,IA,Private,4 Year,7282,19970,27252,19970,27252,5,Iowa,51600,91300,NA,0,575,0,27252
Alma College,Michigan,MI,Private,4 Year,10998,40258,51256,40258,51256,15,Michigan,48400,89900,52,15,1396,0,51256
Amherst College,Massachusetts,MA,Private,4 Year,14740,56426,71166,56426,71166,10,Massachusetts,63800,116500,45,32,1792,0,71166
Amridge University,Alabama,AL,Private,4 Year,NA,6900,6900,6900,6900,24,Alabama,35700,65900,NA,0,625,0,6900
Andrews University,Michigan,MI,Private,4 Year,9078,29288,38366,29288,38366,21,Michigan,47600,85000,51,7,3418,0,38366
Appalachian State University,North Carolina,NC,Public,4 Year,8304,7214,15518,22021,30325,15,North-Carolina,46600,82700,47,9,18026,0,22921.5
Arizona Christian University,Arizona,AZ,Private,4 Year,10674,26796,37470,26796,37470,5,Arizona,42600,76600,NA,7,737,0,37470
Arkansas Tech University,Arkansas,AR,Public,4 Year,7870,9068,16938,15848,23718,13,Arkansas,45000,76900,54,7,12002,0,20328
Asbury University,Kentucky,KY,Private,4 Year,7160,30198,37358,30198,37358,20,Kentucky,39400,70800,59,4,1879,0,37358
Athens State University,Alabama,AL,Public,4 Year,NA,6810,6810,12870,12870,15,Alabama,45000,78800,51,9,3128,0,9840
Auburn University,Alabama,AL,Public,4 Year,13332,11276,24608,30524,43856,1,Alabama,54400,104500,51,31,25912,0,34232
Auburn University at Montgomery,Alabama,AL,Public,4 Year,6980,10288,17268,22048,29028,13,Alabama,45000,79600,61,12,5057,0,23148
Augusta University,Georgia,GA,Public,4 Year,9640,10758,20398,29796,39436,13,Georgia,47000,84400,69,10,7988,0,29917
Austin Peay State University,Tennessee,TN,Public,4 Year,10700,8411,19111,24467,35167,20,Tennessee,44200,78200,63,10,10111,0,27139
Avila University,Missouri,MO,Private,4 Year,7200,19900,27100,19900,27100,17,Missouri,45900,81200,68,3,1907,0,27100
Babson College,Massachusetts,MA,Private,4 Year,16312,51104,67416,51104,67416,4,Massachusetts,72000,133800,37,0,3049,0,67416
Baker University,Kansas,KS,Private,4 Year,8410,29830,38240,29830,38240,10,Kansas,47800,84200,55,2,2957,0,38240
Ball State University,Indiana,IN,Public,4 Year,10234,9896,20130,26468,36702,22,Indiana,45600,83700,48,7,20655,0,28416
Barnard College,New York,NY,Private,4 Year,17225,55032,72257,55032,72257,19,New-York,59200,109800,57,19,2573,0,72257
Barry University,Florida,FL,Private,4 Year,11100,29850,40950,29850,40950,24,Florida,47400,84400,66,12,8518,0,40950
Barton College,North Carolina,NC,Private,4 Year,10120,30880,41000,30880,41000,24,North-Carolina,42400,77900,62,6,1035,0,41000
Bastyr University,Washington,WA,Private,4 Year,7590,26166,33756,26166,33756,22,Washington,48400,86300,NA,0,1202,0,33756
Bates College,Maine,ME,Private,4 Year,15224,53794,69018,53794,69018,3,Maine,59500,111900,50,23,1773,0,69018
Baylor University,Texas,TX,Private,4 Year,12595,45727,58322,45727,58322,12,Texas,55500,101400,49,16,16263,0,58322
Belhaven University,Mississippi,MS,Private,4 Year,8500,25300,33800,25300,33800,7,Mississippi,41200,74300,60,2,4114,0,33800
Bellarmine University,Kentucky,KY,Private,4 Year,12250,42200,54450,42200,54450,3,Kentucky,49000,90700,54,11,3609,0,54450
Bellevue College,Washington,WA,Public,2 Year,NA,4258,4258,9689,9689,18,Washington,50100,88500,56,14,13469,0,6973.5
Bellevue University,Nebraska,NE,Private,4 Year,8730,9390,18120,9390,18120,10,Nebraska,49400,84800,57,23,9879,0,18120
Bellin College,Wisconsin,WI,Private,4 Year,NA,22178,22178,22178,22178,6,Wisconsin,55800,97600,94,0,351,0,22178
Belmont Abbey College,North Carolina,NC,Private,4 Year,10355,18500,28855,18500,28855,14,North-Carolina,46700,82900,49,7,1560,0,28855
Belmont University,Tennessee,TN,Private,4 Year,12120,34310,46430,34310,46430,17,Tennessee,47300,80900,47,3,7244,0,46430
Beloit College,Wisconsin,WI,Private,4 Year,8830,50040,58870,50040,58870,17,Wisconsin,47400,85700,59,24,1303,0,58870
Benedict College,South Carolina,SC,Private,4 Year,6200,16600,22800,16600,22800,24,South-Carolina,38100,67500,61,19,2444,0,22800
Benedictine College,Kansas,KS,Private,4 Year,10300,29530,39830,29530,39830,3,Kansas,48700,91800,69,13,2138,0,39830
Bennington College,Vermont,VT,Private,4 Year,15610,54360,69970,54360,69970,6,Vermont,48800,90000,50,5,755,0,69970
Bentley University,Massachusetts,MA,Private,4 Year,16320,49880,66200,49880,66200,9,Massachusetts,66600,116600,36,7,5565,0,66200
Berea College,Kentucky,KY,Private,4 Year,6764,39990,46754,39990,46754,19,Kentucky,39500,71600,53,27,1621,0,46754
Berry College,Georgia,GA,Private,4 Year,12770,36556,49326,36556,49326,12,Georgia,44900,84900,44,21,2177,0,49326
Black Hills State University,South Dakota,SD,Public,4 Year,6978,8733,15711,11778,18756,10,South-Dakota,40400,72600,51,11,4489,0,17233.5
Bloomfield College,New Jersey,NJ,Private,4 Year,11950,29550,41500,29550,41500,23,New-Jersey,48400,89100,55,17,2004,0,41500
Bluefield State College,West Virginia,WV,Public,4 Year,NA,8820,8820,16920,16920,15,West-Virginia,43200,72800,60,3,1563,0,12870
Boise State University,Idaho,ID,Public,4 Year,10692,7694,18386,23776,34468,4,Idaho,50100,86400,55,14,22227,0,26427
Boston College,Massachusetts,MA,Private,4 Year,14478,55464,69942,55464,69942,11,Massachusetts,63600,115400,43,13,14317,0,69942
Boston University,Massachusetts,MA,Private,4 Year,15720,53948,69668,53948,69668,13,Massachusetts,61400,113600,43,25,32112,0,69668
Bowdoin College,Maine,ME,Private,4 Year,14698,53922,68620,53922,68620,2,Maine,61300,112000,54,37,1805,0,68620
Bowie State University,Maryland,MD,Public,4 Year,10904,8233,19137,18873,29777,18,Maryland,50300,89900,65,11,5695,0,24457
Bradley University,Illinois,IL,Private,4 Year,10620,33760,44380,33760,44380,6,Illinois,55600,104900,46,38,5300,0,44380
Brandeis University,Massachusetts,MA,Private,4 Year,15440,55395,70835,55395,70835,14,Massachusetts,60600,113200,48,29,5945,0,70835
Brescia University,Kentucky,KY,Private,4 Year,9200,22400,31600,22400,31600,10,Kentucky,44300,81200,53,7,1056,0,31600
Brown University,Rhode Island,RI,Private,4 Year,14670,55656,70326,55656,70326,1,Rhode-Island,68200,127600,45,43,9181,1,70326
Bryant University,Rhode Island,RI,Private,4 Year,15702,43973,59675,43973,59675,2,Rhode-Island,60500,108600,37,8,3462,0,59675
Bucknell University,Pennsylvania,PA,Private,4 Year,13662,56092,69754,56092,69754,5,Pennsylvania,66700,122900,40,40,3624,0,69754
Butler University,Indiana,IN,Private,4 Year,13830,41120,54950,41120,54950,7,Indiana,51800,99300,53,9,4848,0,54950
California Institute of Technology,California,CA,Private,4 Year,15525,52362,67887,52362,67887,3,California,84100,151600,53,97,2209,0,67887
Calvin College,Michigan,MI,Private,4 Year,10200,34600,44800,34600,44800,13,Michigan,50200,91100,54,23,3993,0,44800
Cameron University,Oklahoma,OK,Public,4 Year,5452,6450,11902,15870,21322,11,Oklahoma,43900,81500,54,14,5537,0,16612
Campbell University,North Carolina,NC,Private,4 Year,11430,32500,43930,32500,43930,16,North-Carolina,46300,82400,56,8,6101,0,43930
Campbellsville University,Kentucky,KY,Private,4 Year,8000,25400,33400,25400,33400,24,Kentucky,37600,66800,50,7,3427,0,33400
Cardinal Stritch University,Wisconsin,WI,Private,4 Year,8440,29998,38438,29998,38438,20,Wisconsin,47000,82500,51,2,3811,0,38438
Carleton College,Minnesota,MN,Private,4 Year,14085,54759,68844,54759,68844,1,Minnesota,58800,109900,47,45,2057,0,68844
Carnegie Mellon University,Pennsylvania,PA,Private,4 Year,14418,55465,69883,55465,69883,1,Pennsylvania,75900,136100,45,66,12587,0,69883
Carroll College,Montana,MT,Private,4 Year,9880,35486,45366,35486,45366,3,Montana,48200,91400,55,25,1440,0,45366
Carroll University,Wisconsin,WI,Private,4 Year,9484,31918,41402,31918,41402,16,Wisconsin,45600,86500,49,14,3446,0,41402
Carson-Newman University,Tennessee,TN,Private,4 Year,8810,27900,36710,27900,36710,23,Tennessee,42700,76500,61,5,2362,0,36710
Carthage College,Wisconsin,WI,Private,4 Year,11990,43550,55540,43550,55540,18,Wisconsin,48900,85400,48,17,2948,0,55540
Case Western Reserve University,Ohio,OH,Private,4 Year,15190,49042,64232,49042,64232,1,Ohio,66600,117800,44,37,10771,0,64232
Catawba College,North Carolina,NC,Private,4 Year,10488,30520,41008,30520,41008,22,North-Carolina,42500,78100,58,11,1300,0,41008
Centenary College of Louisiana,Louisiana,LA,Private,4 Year,13400,36580,49980,36580,49980,10,Louisiana,47000,88400,37,26,619,0,49980
Central Baptist College,Arkansas,AR,Private,4 Year,7500,16200,23700,16200,23700,18,Arkansas,36900,68000,NA,3,858,0,23700
Central Christian College of Kansas,Kansas,KS,Private,4 Year,8286,26674,34960,26674,34960,25,Kansas,37100,66100,NA,2,1165,0,34960
Central College,Iowa,IA,Private,4 Year,10280,37295,47575,37295,47575,9,Iowa,49000,88800,55,36,1411,0,47575
Central Connecticut State University,Connecticut,CT,Public,4 Year,12176,10616,22792,21856,34032,12,Connecticut,53100,93700,45,15,12037,0,28412
Central Michigan University,Michigan,MI,Public,4 Year,10076,12960,23036,12960,23036,23,Michigan,47700,83600,46,13,26879,0,23036
Central Washington University,Washington,WA,Public,4 Year,11115,8072,19187,23053,34168,14,Washington,52700,93200,47,13,11799,0,26677.5
Centre College,Kentucky,KY,Private,4 Year,10480,41700,52180,41700,52180,4,Kentucky,49500,88500,52,22,1387,0,52180
Chadron State College,Nebraska,NE,Public,4 Year,7380,7196,14576,7196,14576,16,Nebraska,42300,76700,66,3,3033,0,14576
Chaminade University of Honolulu,Hawaii,HI,Private,4 Year,13630,25374,39004,25374,39004,4,Hawaii,45400,84000,55,3,2756,0,39004
Champlain College,Vermont,VT,Private,4 Year,15354,41010,56364,41010,56364,7,Vermont,51100,88400,39,14,3585,0,56364
Charleston Southern University,South Carolina,SC,Private,4 Year,10200,25500,35700,25500,35700,17,South-Carolina,42800,76300,65,9,3367,0,35700
Charter Oak State College,Connecticut,CT,Public,4 Year,NA,10161,10161,13101,13101,18,Connecticut,49200,85900,68,2,1929,0,11631
Christian Brothers University,Tennessee,TN,Private,4 Year,7400,32820,40220,32820,40220,4,Tennessee,51500,96500,60,14,1667,0,40220
Christopher Newport University,Virginia,VA,Public,4 Year,11460,14754,26214,27220,38680,17,Virginia,50800,87200,55,25,5221,0,32447
Claremont McKenna College,California,CA,Private,4 Year,16705,54405,71110,54405,71110,9,California,68500,125400,43,16,1324,0,71110
Clark Atlanta University,Georgia,GA,Private,4 Year,9524,23436,32960,23436,32960,18,Georgia,46300,81100,54,15,3485,0,32960
Clark College,Washington,WA,Public,2 Year,NA,4287,4287,9718,9718,24,Washington,43500,78400,NA,9,10911,0,7002.5
Clark University,Massachusetts,MA,Private,4 Year,9170,45730,54900,45730,54900,23,Massachusetts,52600,101400,47,14,3423,0,54900
Clarke University,Iowa,IA,Private,4 Year,9600,33350,42950,33350,42950,20,Iowa,44900,80200,52,6,1200,0,42950
Clarkson College,Nebraska,NE,Private,4 Year,5398,16920,22318,16920,22318,4,Nebraska,50900,91500,74,0,1221,0,22318
Clarkson University,New York,NY,Private,4 Year,14908,49444,64352,49444,64352,8,New-York,66400,130100,58,58,3873,0,64352
Cleary University,Michigan,MI,Private,4 Year,9600,20250,29850,20250,29850,22,Michigan,47400,84700,50,0,537,0,29850
Clemson University,South Carolina,SC,Public,4 Year,10832,14970,25802,36724,47556,2,South-Carolina,57500,106700,50,39,21857,0,36679
Cleveland State University,Ohio,OH,Public,4 Year,13560,10625,24185,14992,28552,21,Ohio,48300,88600,51,20,16936,0,26368.5
Coastal Carolina University,South Carolina,SC,Public,4 Year,9190,11536,20726,26648,35838,13,South-Carolina,44700,77600,48,14,9976,0,28282
Coe College,Iowa,IA,Private,4 Year,9480,45000,54480,45000,54480,13,Iowa,47200,86900,41,24,1436,0,54480
Colby College,Maine,ME,Private,4 Year,14190,55210,69400,55210,69400,4,Maine,59200,103300,50,25,1847,0,69400
Colby-Sawyer College,New Hampshire,NH,Private,4 Year,14264,42398,56662,42398,56662,9,New-Hampshire,46400,83700,43,7,1369,0,56662
Colgate University,New York,NY,Private,4 Year,13995,55870,69865,55870,69865,7,New-York,68400,130600,41,26,2888,0,69865
College for Creative Studies,Michigan,MI,Private,4 Year,8800,44110,52910,44110,52910,16,Michigan,51200,89800,40,0,1459,0,52910
College of Charleston,South Carolina,SC,Public,4 Year,12166,12738,24904,31920,44086,8,South-Carolina,47300,85100,44,20,11456,0,34495
College of Saint Mary,Nebraska,NE,Private,4 Year,7700,20350,28050,20350,28050,14,Nebraska,43900,77700,45,9,1018,0,28050
College of the Holy Cross,Massachusetts,MA,Private,4 Year,14520,52770,67290,52770,67290,12,Massachusetts,61800,114600,46,24,2787,0,67290
Colorado Christian University,Colorado,CO,Private,4 Year,11846,31866,43712,31866,43712,17,Colorado,46800,80100,70,2,5787,0,43712
Colorado College,Colorado,CO,Private,4 Year,12512,55470,67982,55470,67982,5,Colorado,53100,97900,48,23,2067,0,67982
Colorado Mesa University,Colorado,CO,Public,4 Year,10925,9243,20168,22440,33365,14,Colorado,47800,81500,55,7,9116,0,26766.5
Colorado School of Mines,Colorado,CO,Public,4 Year,13169,18964,32133,38584,51753,1,Colorado,75600,139600,60,93,5962,0,41943
Columbia International University,South Carolina,SC,Private,4 Year,8150,23690,31840,23690,31840,25,South-Carolina,36600,66200,62,0,1103,0,31840
Columbus State University,Georgia,GA,Public,4 Year,9880,7200,17080,20682,30562,25,Georgia,43300,77900,59,10,8192,0,23821
Connecticut College,Connecticut,CT,Private,4 Year,15150,54820,69970,54820,69970,8,Connecticut,57500,100800,36,30,1900,0,69970
Converse College,South Carolina,SC,Private,4 Year,10930,18690,29620,18690,29620,21,South-Carolina,39000,71000,60,8,1389,0,29620
Corban University,Oregon,OR,Private,4 Year,10228,33040,43268,33040,43268,21,Oregon,42500,77300,63,1,1125,0,43268
Cornell College,Iowa,IA,Private,4 Year,9384,42299,51683,42299,51683,6,Iowa,49600,90600,47,22,1086,0,51683
Cornell University,New York,NY,Private,4 Year,14816,55188,70004,55188,70004,9,New-York,70100,128200,45,43,21679,1,70004
Cornish College of the Arts,Washington,WA,Private,4 Year,12400,41642,54042,41642,54042,21,Washington,49000,86400,39,0,767,0,54042
Covenant College,Georgia,GA,Private,4 Year,10260,34330,44590,34330,44590,24,Georgia,44400,79400,62,19,1173,0,44590
Creighton University,Nebraska,NE,Private,4 Year,11036,39916,50952,39916,50952,2,Nebraska,53500,95800,56,9,8236,0,50952
Cumberland University,Tennessee,TN,Private,4 Year,9290,22890,32180,22890,32180,16,Tennessee,45500,81000,61,3,1481,0,32180
Dakota State University,South Dakota,SD,Public,4 Year,6873,9276,16149,12249,19122,5,South-Dakota,48400,84300,49,53,3047,0,17635.5
Dakota Wesleyan University,South Dakota,SD,Private,4 Year,7350,27300,34650,27300,34650,9,South-Dakota,41800,75700,52,10,870,0,34650
Dartmouth College,New Hampshire,NH,Private,4 Year,15756,55453,71209,55453,71209,1,New-Hampshire,71500,130900,44,35,6298,1,71209
Davidson College,North Carolina,NC,Private,4 Year,14372,51447,65819,51447,65819,3,North-Carolina,57300,106900,50,28,1770,0,65819
Delaware State University,Delaware,DE,Public,4 Year,12190,7868,20058,16904,29094,3,Delaware,46300,81900,62,10,4397,0,24576
Delta State University,Mississippi,MS,Public,4 Year,7722,7246,14968,7246,14968,8,Mississippi,40800,74200,63,5,3614,0,14968
Denison University,Ohio,OH,Private,4 Year,12710,51960,64670,51960,64670,5,Ohio,54400,104800,45,22,2278,0,64670
DePaul University,Illinois,IL,Private,4 Year,14235,39975,54210,39975,54210,8,Illinois,55700,102900,43,15,23799,0,54210
DePauw University,Indiana,IN,Private,4 Year,13020,49704,62724,49704,62724,5,Indiana,56600,101000,47,24,2215,0,62724
Dickinson College,Pennsylvania,PA,Private,4 Year,13698,54661,68359,54661,68359,21,Pennsylvania,55800,100100,46,25,2364,0,68359
Dickinson State University,North Dakota,ND,Public,4 Year,6898,6765,13663,9544,16442,5,North-Dakota,46400,81200,55,8,1479,0,15052.5
Dillard University,Louisiana,LA,Private,4 Year,10100,18099,28199,18099,28199,17,Louisiana,44700,79800,74,20,1200,0,28199
Dordt College,Iowa,IA,Private,4 Year,9590,30870,40460,30870,40460,8,Iowa,51000,89600,57,17,1459,0,40460
Drake University,Iowa,IA,Private,4 Year,10528,41396,51924,41396,51924,2,Iowa,52800,99900,49,7,5062,0,51924
Drew University,New Jersey,NJ,Private,4 Year,14108,39500,53608,39500,53608,16,New-Jersey,52800,95000,37,16,2113,0,53608
Drexel University,Pennsylvania,PA,Private,4 Year,14079,53279,67358,53279,67358,9,Pennsylvania,61700,114800,47,28,26359,0,67358
Drury University,Missouri,MO,Private,4 Year,8096,28365,36461,28365,36461,19,Missouri,42600,79400,60,12,4215,0,36461
Duke University,North Carolina,NC,Private,4 Year,15178,55695,70873,55695,70873,1,North-Carolina,71100,132100,50,26,15856,0,70873
East Carolina University,North Carolina,NC,Public,4 Year,9606,7188,16794,23465,33071,11,North-Carolina,48400,85400,55,11,27511,0,24932.5
East Tennessee State University,Tennessee,TN,Public,4 Year,8472,9277,17749,28459,36931,22,Tennessee,43700,77300,57,8,14434,0,27340
Eastern Connecticut State University,Connecticut,CT,Public,4 Year,13560,11356,24916,22596,36156,17,Connecticut,49200,87800,43,14,5287,0,30536
Eastern Kentucky University,Kentucky,KY,Public,4 Year,9018,9296,18314,19074,28092,11,Kentucky,45600,80700,56,5,16305,0,23203
Eastern Michigan University,Michigan,MI,Public,4 Year,9854,13959,23813,13959,23813,18,Michigan,47300,86700,50,6,22401,0,23813
Eastern Oregon University,Oregon,OR,Public,4 Year,10040,8679,18719,20739,30779,23,Oregon,44000,73900,56,5,3653,0,24749
Eastern Washington University,Washington,WA,Public,4 Year,12793,7323,20116,24444,37237,20,Washington,49500,87500,52,17,13453,0,28676.5
Eckerd College,Florida,FL,Private,4 Year,12588,44540,57128,44540,57128,17,Florida,49200,88400,52,25,2083,0,57128
Edgewood College,Wisconsin,WI,Private,4 Year,11020,29500,40520,29500,40520,15,Wisconsin,49500,87500,54,5,2980,0,40520
Elon University,North Carolina,NC,Private,4 Year,12230,35319,47549,35319,47549,6,North-Carolina,53600,93700,43,7,6483,0,47549
Emory University,Georgia,GA,Private,4 Year,14456,51306,65762,51306,65762,2,Georgia,62000,110800,44,20,14769,0,65762
Emporia State University,Kansas,KS,Public,4 Year,8912,6758,15670,20675,29587,19,Kansas,43500,78000,60,9,6114,0,22628.5
Erskine College,South Carolina,SC,Private,4 Year,10900,34560,45460,34560,45460,12,South-Carolina,43500,78000,57,28,753,0,45460
Fairfield University,Connecticut,CT,Private,4 Year,14710,48350,63060,48350,63060,4,Connecticut,62300,116900,41,17,5123,0,63060
Fairmont State University,West Virginia,WV,Public,4 Year,9004,7514,16518,16324,25328,14,West-Virginia,42900,74100,53,7,4035,0,20923
Faulkner University,Alabama,AL,Private,4 Year,7750,21690,29440,21690,29440,21,Alabama,39400,71300,61,2,3335,0,29440
Felician University,New Jersey,NJ,Private,4 Year,12880,34315,47195,34315,47195,11,New-Jersey,53200,98200,51,10,1953,0,47195
Ferris State University,Michigan,MI,Public,4 Year,9894,12630,22524,12630,22524,17,Michigan,50000,89300,50,8,14600,0,22524
Ferrum College,Virginia,VA,Private,4 Year,11500,34175,45675,34175,45675,25,Virginia,43000,80600,54,6,1451,0,45675
Fisk University,Tennessee,TN,Private,4 Year,10790,21480,32270,21480,32270,11,Tennessee,45300,83600,53,39,772,0,32270
Florida Atlantic University,Florida,FL,Public,4 Year,11896,6039,17935,21595,33491,11,Florida,49400,91200,51,15,30297,0,25713
Florida Institute of Technology,Florida,FL,Private,4 Year,12880,41850,54730,41850,54730,3,Florida,58300,105400,53,48,6393,0,54730
Florida International University,Florida,FL,Public,4 Year,10882,6558,17440,18956,29838,13,Florida,49600,90100,51,16,49610,0,23639
Florida State University,Florida,FL,Public,4 Year,10816,6516,17332,21683,32499,8,Florida,50800,92700,49,18,41226,0,24915.5
Fordham University,New York,NY,Private,4 Year,17969,52687,70656,52687,70656,17,New-York,58700,112500,38,10,15231,0,70656
Fort Hays State University,Kansas,KS,Public,4 Year,8300,5133,13433,15201,23501,16,Kansas,45100,79300,64,6,13825,0,18467
Fort Lewis College,Colorado,CO,Public,4 Year,9878,9040,18918,19696,29574,13,Colorado,48300,82600,55,19,3791,0,24246
Francis Marion University,South Carolina,SC,Public,4 Year,7948,11160,19108,21544,29492,13,South-Carolina,42900,77600,58,18,3944,0,24300
Franklin Pierce University,New Hampshire,NH,Private,4 Year,13345,36900,50245,36900,50245,7,New-Hampshire,47800,85600,52,3,2275,0,50245
Freed-Hardeman University,Tennessee,TN,Private,4 Year,8260,21950,30210,21950,30210,20,Tennessee,43700,78200,54,9,1867,0,30210
Friends University,Kansas,KS,Private,4 Year,7972,28415,36387,28415,36387,21,Kansas,44700,76500,59,14,1882,0,36387
Frostburg State University,Maryland,MD,Public,4 Year,10202,9172,19374,22892,33094,21,Maryland,49600,87000,48,19,5645,0,26234
George Fox University,Oregon,OR,Private,4 Year,11250,36020,47270,36020,47270,13,Oregon,51200,89600,52,8,3786,0,47270
George Mason University,Virginia,VA,Public,4 Year,11460,12462,23922,35922,47382,8,Virginia,58900,105700,48,23,33729,0,35652
Georgetown College,Kentucky,KY,Private,4 Year,9780,38650,48430,38650,48430,9,Kentucky,45000,81900,54,10,1262,0,48430
Georgia Southern University,Georgia,GA,Public,4 Year,10070,7422,17492,20904,30974,8,Georgia,49000,88000,49,17,20517,0,24233
Georgia State University,Georgia,GA,Public,4 Year,11378,10858,22236,29432,40810,7,Georgia,50600,90800,47,18,32556,0,31523
Gettysburg College,Pennsylvania,PA,Private,4 Year,13010,54480,67490,54480,67490,12,Pennsylvania,58400,109300,39,24,2447,0,67490
Glenville State College,West Virginia,WV,Public,4 Year,NA,7327,7327,16565,16565,17,West-Virginia,37400,67700,60,3,1802,0,11946
Goddard College,Vermont,VT,Private,4 Year,1698,16586,18284,16586,18284,10,Vermont,42700,76900,NA,0,538,0,18284
Goldey-Beacom College,Delaware,DE,Private,4 Year,6400,24300,30700,24300,30700,2,Delaware,49800,86900,42,25,2012,0,30700
Gonzaga University,Washington,WA,Private,4 Year,11944,43210,55154,43210,55154,4,Washington,57800,107600,51,19,7352,0,55154
Goucher College,Maryland,MD,Private,4 Year,14506,44300,58806,44300,58806,17,Maryland,49400,90600,42,11,2120,0,58806
Grambling State University,Louisiana,LA,Public,4 Year,7192,7435,14627,16458,23650,21,Louisiana,43100,73100,66,10,4504,0,19138.5
Granite State College,New Hampshire,NH,Public,4 Year,NA,9645,9645,10875,10875,13,New-Hampshire,43500,76900,67,3,2209,0,10260
Green Mountain College,Vermont,VT,Private,4 Year,11722,37002,48724,37002,48724,12,Vermont,42000,75200,57,2,833,0,48724
Grinnell College,Iowa,IA,Private,4 Year,12810,52392,65202,52392,65202,4,Iowa,53400,96500,49,41,1734,0,65202
Gustavus Adolphus College,Minnesota,MN,Private,4 Year,9910,45400,55310,45400,55310,7,Minnesota,51200,96800,47,22,2457,0,55310
Hamline University,Minnesota,MN,Private,4 Year,10358,41298,51656,41298,51656,14,Minnesota,48100,90400,52,5,4469,0,51656
Hampden-Sydney College,Virginia,VA,Private,4 Year,13558,45746,59304,45746,59304,6,Virginia,58300,108600,52,20,1105,0,59304
Hampton University,Virginia,VA,Private,4 Year,11778,26702,38480,26702,38480,13,Virginia,52700,92600,61,12,4393,0,38480
Hanover College,Indiana,IN,Private,4 Year,11580,37670,49250,37670,49250,18,Indiana,47500,85100,53,24,1145,0,49250
Harding University,Arkansas,AR,Private,4 Year,7044,20135,27179,20135,27179,4,Arkansas,49200,88600,47,10,6059,0,27179
Harvey Mudd College,California,CA,Private,4 Year,18127,56876,75003,56876,75003,1,California,88800,158200,55,85,804,0,75003
Hastings College,Nebraska,NE,Private,4 Year,9700,30050,39750,30050,39750,8,Nebraska,48600,87100,55,14,1212,0,39750
Haverford College,Pennsylvania,PA,Private,4 Year,16402,54592,70994,54592,70994,10,Pennsylvania,59300,112300,47,36,1194,0,70994
Hawaii Pacific University,Hawaii,HI,Private,4 Year,14800,25980,40780,25980,40780,2,Hawaii,52200,93500,56,15,5827,0,40780
Henderson State University,Arkansas,AR,Public,4 Year,7504,8436,15940,10086,17590,10,Arkansas,42900,79800,57,5,3627,0,16765
Hendrix College,Arkansas,AR,Private,4 Year,12284,45790,58074,45790,58074,2,Arkansas,48100,90300,58,33,1358,0,58074
High Point University,North Carolina,NC,Private,4 Year,14130,35118,49248,35118,49248,12,North-Carolina,48600,84300,50,8,4399,0,49248
Hofstra University,New York,NY,Private,4 Year,15948,46760,62708,46760,62708,18,New-York,57300,110400,38,7,10953,0,62708
Holy Cross College,Indiana,IN,Private,4 Year,11500,30820,42320,30820,42320,15,Indiana,48100,87800,NA,0,520,0,42320
Hood College,Maryland,MD,Private,4 Year,12700,39492,52192,39492,52192,25,Maryland,47900,82600,49,32,2365,0,52192
Hope College,Michigan,MI,Private,4 Year,10310,34010,44320,34010,44320,14,Michigan,49200,90900,51,18,3455,0,44320
Huntingdon College,Alabama,AL,Private,4 Year,9750,27400,37150,27400,37150,14,Alabama,42400,78900,69,14,1160,0,37150
Husson University,Maine,ME,Private,4 Year,9830,18180,28010,18180,28010,10,Maine,43300,77600,52,1,3415,0,28010
Idaho State University,Idaho,ID,Public,4 Year,7207,7420,14627,22940,30147,3,Idaho,50800,91800,64,12,13429,0,22387
Illinois Institute of Technology,Illinois,IL,Private,4 Year,12762,47296,60058,47296,60058,1,Illinois,64600,118500,47,64,7898,0,60058
Illinois State University,Illinois,IL,Public,4 Year,9850,14516,24366,26040,35890,16,Illinois,51200,95000,47,10,20615,0,30128
Illinois Wesleyan University,Illinois,IL,Private,4 Year,10984,47636,58620,47636,58620,12,Illinois,53100,96000,44,18,1893,0,58620
Indiana State University,Indiana,IN,Public,4 Year,10590,9090,19680,19836,30426,17,Indiana,47900,85600,55,8,13183,0,25053
Iowa State University,Iowa,IA,Public,4 Year,8720,8988,17708,23392,32112,1,Iowa,56100,101300,48,31,34435,0,24910
Jackson State University,Mississippi,MS,Public,4 Year,9552,8226,17778,19454,29006,6,Mississippi,41700,74600,67,16,9508,0,23392
Jacksonville State University,Alabama,AL,Public,4 Year,8100,10425,18525,20145,28245,12,Alabama,43800,80000,61,7,8659,0,23385
Jacksonville University,Florida,FL,Private,4 Year,14080,36670,50750,36670,50750,12,Florida,50100,90400,66,5,4085,0,50750
James Madison University,Virginia,VA,Public,4 Year,10092,12016,22108,28416,38508,9,Virginia,57400,102600,42,12,20855,0,30308
Jefferson College of Health Sciences,Virginia,VA,Private,4 Year,5870,26886,32756,26886,32756,11,Virginia,55500,97600,86,1,1131,0,32756
John Brown University,Arkansas,AR,Private,4 Year,9224,26928,36152,26928,36152,5,Arkansas,47000,82700,53,9,2850,0,36152
John Carroll University,Ohio,OH,Private,4 Year,11874,41340,53214,41340,53214,11,Ohio,51600,97300,39,16,3688,0,53214
Johns Hopkins University,Maryland,MD,Private,4 Year,15836,54240,70076,54240,70076,3,Maryland,67200,117100,57,31,21372,0,70076
Kalamazoo College,Michigan,MI,Private,4 Year,9756,48516,58272,48516,58272,8,Michigan,51600,94500,52,31,1461,0,58272
Kansas State University,Kansas,KS,Public,4 Year,9680,10263,19943,25767,35447,2,Kansas,52500,97200,51,18,24766,0,27695
Kansas Wesleyan University,Kansas,KS,Private,4 Year,9500,29500,39000,29500,39000,15,Kansas,44700,79400,61,10,710,0,39000
Kean University,New Jersey,NJ,Public,4 Year,14470,12348,26818,19383,33853,22,New-Jersey,48200,90000,51,10,14359,0,30335.5
Keene State College,New Hampshire,NH,Public,4 Year,11026,14212,25238,23176,34202,10,New-Hampshire,48900,83600,49,8,4957,0,29720
Kennesaw State University,Georgia,GA,Public,4 Year,11467,7432,18899,21158,32625,5,Georgia,52500,94600,46,22,25714,0,25762
Kentucky Christian University,Kentucky,KY,Private,4 Year,8270,19820,28090,19820,28090,22,Kentucky,39600,70300,68,3,658,0,28090
Kentucky State University,Kentucky,KY,Public,4 Year,6690,8090,14780,19390,26080,18,Kentucky,40700,73100,57,13,1895,0,20430
Kentucky Wesleyan College,Kentucky,KY,Private,4 Year,9764,26440,36204,26440,36204,14,Kentucky,42100,76800,65,14,709,0,36204
Kenyon College,Ohio,OH,Private,4 Year,12510,55930,68440,55930,68440,7,Ohio,55000,103800,50,17,1662,0,68440
Kettering College,Ohio,OH,Private,4 Year,4100,16200,20300,16200,20300,14,Ohio,54300,95800,NA,0,760,0,20300
Kettering University,Michigan,MI,Private,4 Year,8240,43490,51730,43490,51730,1,Michigan,69900,125000,44,74,2079,0,51730
Knox College,Illinois,IL,Private,4 Year,9870,46554,56424,46554,56424,15,Illinois,50600,95400,45,24,1399,0,56424
La Salle University,Pennsylvania,PA,Private,4 Year,15080,30560,45640,30560,45640,15,Pennsylvania,55800,104800,40,5,6242,0,45640
Lafayette College,Pennsylvania,PA,Private,4 Year,15640,52880,68520,52880,68520,6,Pennsylvania,66500,122500,37,47,2503,0,68520
Lake Forest College,Illinois,IL,Private,4 Year,10390,47064,57454,47064,57454,9,Illinois,55400,102600,46,21,1626,0,57454
Lake Superior State University,Michigan,MI,Public,4 Year,9882,12090,21972,12090,21972,24,Michigan,45900,83500,48,14,2407,0,21972
Lakeview College of Nursing,Illinois,IL,Private,4 Year,NA,16320,16320,16320,16320,18,Illinois,55000,94100,83,0,317,0,16320
Lamar University,Texas,TX,Public,4 Year,8920,10192,19112,22642,31562,13,Texas,53300,101200,57,16,14895,0,25337
Lander University,South Carolina,SC,Public,4 Year,9100,11700,20800,21300,30400,15,South-Carolina,42600,77100,54,9,2787,0,25600
Langston University,Oklahoma,OK,Public,4 Year,9476,5950,15426,13300,22776,11,Oklahoma,46500,81500,66,8,2482,0,19101
Lawrence Technological University,Michigan,MI,Private,4 Year,9950,33570,43520,33570,43520,4,Michigan,57900,108400,49,60,4015,0,43520
Lawrence University,Wisconsin,WI,Private,4 Year,10341,47475,57816,47475,57816,5,Wisconsin,51500,98800,58,25,1511,0,57816
Lehigh University,Pennsylvania,PA,Private,4 Year,13600,52930,66530,52930,66530,2,Pennsylvania,69500,134100,45,52,7119,0,66530
Lenoir-Rhyne University,North Carolina,NC,Private,4 Year,12510,36400,48910,36400,48910,10,North-Carolina,46400,86300,54,7,2050,0,48910
LeTourneau University,Texas,TX,Private,4 Year,9970,30210,40180,30210,40180,18,Texas,56600,98900,53,21,2667,0,40180
Lewis & Clark College,Oregon,OR,Private,4 Year,12490,50934,63424,50934,63424,10,Oregon,50000,93200,51,12,3504,0,63424
Lewis University,Illinois,IL,Private,4 Year,10578,32450,43028,32450,43028,25,Illinois,49700,89800,53,14,6689,0,43028
Lewis-Clark State College,Idaho,ID,Public,4 Year,7580,6618,14198,19236,26816,7,Idaho,44900,77600,60,5,4304,0,20507
Limestone College,South Carolina,SC,Private,4 Year,9765,26000,35765,26000,35765,16,South-Carolina,42100,76500,57,10,3214,0,35765
Lindenwood University,Missouri,MO,Private,4 Year,9000,17600,26600,17600,26600,21,Missouri,45100,78500,48,9,12151,0,26600
Lindsey Wilson College,Kentucky,KY,Private,4 Year,9385,24850,34235,24850,34235,25,Kentucky,35300,64100,52,2,2641,0,34235
Lipscomb University,Tennessee,TN,Private,4 Year,12652,32144,44796,32144,44796,9,Tennessee,49000,84800,59,12,4489,0,44796
Longwood University,Virginia,VA,Public,4 Year,11746,13340,25086,29300,41046,21,Virginia,47300,83300,54,9,5096,0,33066
Loras College,Iowa,IA,Private,4 Year,8275,34184,42459,34184,42459,7,Iowa,48000,90100,56,14,1569,0,42459
Louisiana College,Louisiana,LA,Private,4 Year,5618,17000,22618,17000,22618,17,Louisiana,44800,79800,58,4,1256,0,22618
Louisiana Tech University,Louisiana,LA,Public,4 Year,6495,9645,16140,18558,25053,3,Louisiana,53100,100700,57,24,11225,0,20596.5
Loyola Marymount University,California,CA,Private,4 Year,14490,48522,63012,48522,63012,18,California,58500,113300,39,9,9515,0,63012
Loyola University Chicago,Illinois,IL,Private,4 Year,14480,44048,58528,44048,58528,12,Illinois,53400,96000,45,15,15902,0,58528
Loyola University Maryland,Maryland,MD,Private,4 Year,14430,49085,63515,49085,63515,5,Maryland,59900,111200,40,8,5967,0,63515
Loyola University New Orleans,Louisiana,LA,Private,4 Year,13380,39692,53072,39692,53072,9,Louisiana,47900,88600,47,4,4330,0,53072
Luther College,Iowa,IA,Private,4 Year,9460,42290,51750,42290,51750,14,Iowa,48200,85900,49,21,2385,0,51750
Lyndon State College,Vermont,VT,Public,4 Year,10598,12074,22672,25394,35992,13,Vermont,41500,75100,49,8,1430,0,29332
Lyon College,Arkansas,AR,Private,4 Year,9130,28790,37920,28790,37920,15,Arkansas,41200,74300,53,33,712,0,37920
Macalester College,Minnesota,MN,Private,4 Year,12156,54344,66500,54344,66500,6,Minnesota,53600,100400,51,31,2073,0,66500
Maharishi University of Management,Iowa,IA,Private,4 Year,7400,16530,23930,16530,23930,16,Iowa,46800,85200,NA,65,1454,0,23930
Maine College of Art,Maine,ME,Private,4 Year,11890,35000,46890,35000,46890,17,Maine,36300,64600,37,0,459,0,46890
Maine Maritime Academy,Maine,ME,Public,4 Year,10310,13478,23788,27098,37408,1,Maine,67000,121800,65,48,1060,0,30598
Manchester University,Indiana,IN,Private,4 Year,9580,32758,42338,32758,42338,20,Indiana,46900,84700,56,10,1488,0,42338
Manhattan Christian College,Kansas,KS,Private,4 Year,9092,15850,24942,15850,24942,24,Kansas,39400,72200,NA,0,311,0,24942
Manhattan College,New York,NY,Private,4 Year,16200,43480,59680,43480,59680,12,New-York,64000,125700,46,40,3970,0,59680
Marietta College,Ohio,OH,Private,4 Year,11320,36040,47360,36040,47360,15,Ohio,51200,94300,57,45,1500,0,47360
Marquette University,Wisconsin,WI,Private,4 Year,12720,41870,54590,41870,54590,2,Wisconsin,57800,105900,52,25,11745,0,54590
Marshall University,West Virginia,WV,Public,4 Year,10450,8128,18578,18614,29064,9,West-Virginia,45000,79700,50,12,13381,0,23821
Maryland Institute College of Art,Maryland,MD,Private,4 Year,13280,48630,61910,48630,61910,24,Maryland,49000,84500,40,0,2262,0,61910
Marylhurst University,Oregon,OR,Private,4 Year,NA,20835,20835,20835,20835,19,Oregon,46200,79800,63,0,1273,0,20835
Marymount University,Virginia,VA,Private,4 Year,13190,31466,44656,31466,44656,12,Virginia,52300,93100,44,15,3441,0,44656
Maryville College,Tennessee,TN,Private,4 Year,11424,34880,46304,34880,46304,24,Tennessee,42800,75300,68,16,1213,0,46304
Maryville University of Saint Louis,Missouri,MO,Private,4 Year,10088,28470,38558,28470,38558,18,Missouri,46800,80100,53,2,5931,0,38558
Massachusetts Institute of Technology,Massachusetts,MA,Private,4 Year,15510,51832,67342,51832,67342,1,Massachusetts,86300,155200,52,69,11319,0,67342
Massachusetts Maritime Academy,Massachusetts,MA,Public,4 Year,12675,9724,22399,26102,38777,8,Massachusetts,67900,117500,53,47,1497,0,30588
Mayville State University,North Dakota,ND,Public,4 Year,7840,6666,14506,9399,17239,4,North-Dakota,43700,81300,44,10,1081,0,15872.5
McDaniel College,Maryland,MD,Private,4 Year,11430,43260,54690,43260,54690,12,Maryland,51100,94600,54,6,3206,0,54690
McNeese State University,Louisiana,LA,Public,4 Year,8704,7859,16563,18934,27638,11,Louisiana,50200,88200,57,13,8237,0,22100.5
McPherson College,Kansas,KS,Private,4 Year,8788,28951,37739,28951,37739,14,Kansas,44500,80900,59,9,659,0,37739
MCPHS University,Massachusetts,MA,Private,4 Year,16400,32705,49105,32705,49105,6,Massachusetts,65900,121800,71,2,6935,0,49105
Medical University of South Carolina,South Carolina,SC,Public,4 Year,NA,26826,26826,26826,26826,5,South-Carolina,54800,92700,88,6,2898,0,26826
Menlo College,California,CA,Private,4 Year,14225,42800,57025,42800,57025,20,California,61900,112400,59,0,794,0,57025
Mercer University,Georgia,GA,Private,4 Year,11616,36894,48510,36894,48510,11,Georgia,48500,85100,62,14,8552,0,48510
Merrimack College,Massachusetts,MA,Private,4 Year,15845,41760,57605,41760,57605,22,Massachusetts,56000,102500,50,13,3337,0,57605
Methodist University,North Carolina,NC,Private,4 Year,12890,33846,46736,33846,46736,19,North-Carolina,45800,80500,58,9,2461,0,46736
Metropolitan State University,Minnesota,MN,Public,4 Year,NA,7879,7879,14980,14980,20,Minnesota,50200,85900,53,11,8355,0,11429.5
Michigan State University,Michigan,MI,Public,4 Year,10322,14460,24782,39765,50087,5,Michigan,55300,100800,46,20,50081,0,37434.5
Michigan Technological University,Michigan,MI,Public,4 Year,10756,15646,26402,33726,44482,2,Michigan,65000,116300,47,81,7099,0,35442
Mid-America Christian University,Oklahoma,OK,Private,4 Year,8036,18334,26370,18334,26370,21,Oklahoma,40700,74100,71,0,2688,0,26370
MidAmerica Nazarene University,Kansas,KS,Private,4 Year,8708,30736,39444,30736,39444,18,Kansas,46200,78500,60,1,1870,0,39444
Middle Tennessee State University,Tennessee,TN,Public,4 Year,9436,9206,18642,28364,37800,15,Tennessee,46500,81100,52,9,22729,0,28221
Middlebury College,Vermont,VT,Private,4 Year,15530,54450,69980,54450,69980,1,Vermont,60400,109800,54,19,2533,0,69980
Midland University,Nebraska,NE,Private,4 Year,8776,32558,41334,32558,41334,13,Nebraska,43800,78100,60,7,1362,0,41334
Miles College,Alabama,AL,Private,4 Year,7042,11604,18646,11604,18646,25,Alabama,34800,65100,64,19,1782,0,18646
Milligan College,Tennessee,TN,Private,4 Year,7100,33700,40800,33700,40800,25,Tennessee,41200,74900,63,5,1164,0,40800
Millsaps College,Mississippi,MS,Private,4 Year,13730,39910,53640,39910,53640,3,Mississippi,49300,88700,56,24,842,0,53640
Milwaukee School of Engineering,Wisconsin,WI,Private,4 Year,10389,40749,51138,40749,51138,1,Wisconsin,65700,117600,50,69,2810,0,51138
Minneapolis College of Art and Design,Minnesota,MN,Private,4 Year,5610,39210,44820,39210,44820,24,Minnesota,47400,84700,39,0,783,0,44820
Minot State University,North Dakota,ND,Public,4 Year,6610,7064,13674,7064,13674,7,North-Dakota,44500,74100,55,7,3410,0,13674
Mississippi College,Mississippi,MS,Private,4 Year,10300,18026,28326,18026,28326,5,Mississippi,45200,79500,57,20,4984,0,28326
Mississippi State University,Mississippi,MS,Public,4 Year,10090,8760,18850,23360,33450,1,Mississippi,51100,94100,57,27,20138,0,26150
Mississippi University for Women,Mississippi,MS,Public,4 Year,7424,7040,14464,7040,14464,10,Mississippi,39500,69500,63,2,2696,0,14464
Mississippi Valley State University,Mississippi,MS,Public,4 Year,8043,6570,14613,6570,14613,14,Mississippi,32500,61900,70,11,2222,0,14613
Missouri University of Science and Technology,Missouri,MO,Public,4 Year,10274,10169,20443,28499,38773,1,Missouri,67300,122600,50,80,8640,0,29608
Missouri Western State University,Missouri,MO,Public,4 Year,NA,6466,6466,14137,14137,22,Missouri,43400,77700,53,14,5834,0,10301.5
Monmouth University,New Jersey,NJ,Private,4 Year,13981,38138,52119,38138,52119,18,New-Jersey,52200,93200,44,13,6395,0,52119
Montana Tech of the University of Montana,Montana,MT,Public,4 Year,9656,7411,17067,22574,32230,1,Montana,61200,112600,64,61,2085,0,24648.5
Montclair State University,New Jersey,NJ,Public,4 Year,15564,12790,28354,20578,36142,14,New-Jersey,50800,95400,42,9,20022,0,32248
Morehead State University,Kentucky,KY,Public,4 Year,9960,9170,19130,13646,23606,16,Kentucky,41300,74900,56,9,11052,0,21368
Morehouse College,Georgia,GA,Private,4 Year,13438,27574,41012,27574,41012,4,Georgia,55700,98700,58,26,2109,0,41012
Morningside College,Iowa,IA,Private,4 Year,9610,31530,41140,31530,41140,19,Iowa,44900,82100,60,6,2823,0,41140
Mount Carmel College of Nursing,Ohio,OH,Private,4 Year,5000,13907,18907,13907,18907,8,Ohio,56600,99700,78,0,1084,0,18907
Mount Marty College,South Dakota,SD,Private,4 Year,7986,27276,35262,27276,35262,8,South-Dakota,41400,76500,67,5,1236,0,35262
Mount Mercy University,Iowa,IA,Private,4 Year,9534,31798,41332,31798,41332,22,Iowa,47200,79000,51,4,1762,0,41332
Muhlenberg College,Pennsylvania,PA,Private,4 Year,11765,52595,64360,52595,64360,17,Pennsylvania,53400,101900,43,20,2440,0,64360
Multnomah University,Oregon,OR,Private,4 Year,8870,25900,34770,25900,34770,22,Oregon,40500,76400,82,0,753,0,34770
Murray State University,Kentucky,KY,Public,4 Year,9190,9084,18274,24540,33730,12,Kentucky,44800,79900,56,9,11207,0,26002
Nazarene Bible College,Colorado,CO,Private,4 Year,NA,14700,14700,14700,14700,19,Colorado,33600,60100,NA,0,762,0,14700
Nebraska Wesleyan University,Nebraska,NE,Private,4 Year,9622,34202,43824,34202,43824,12,Nebraska,45700,80500,60,8,2083,0,43824
New College of Florida,Florida,FL,Public,4 Year,9264,6919,16183,29944,39208,20,Florida,47300,86500,40,4,834,0,27695.5
New England College,New Hampshire,NH,Private,4 Year,14222,37914,52136,37914,52136,6,New-Hampshire,45700,86400,43,24,2399,0,52136
New England Institute of Technology,Rhode Island,RI,Private,4 Year,13065,29940,43005,29940,43005,7,Rhode-Island,51700,93200,44,14,2922,0,43005
New Jersey City University,New Jersey,NJ,Public,4 Year,12738,12051,24789,21573,34311,24,New-Jersey,48700,87600,55,9,8136,0,29550
New Jersey Institute of Technology,New Jersey,NJ,Public,4 Year,13600,17338,30938,32750,46350,3,New-Jersey,64600,121300,51,75,10646,0,38644
New Mexico Highlands University,New Mexico,NM,Public,4 Year,7872,6150,14022,10302,18174,6,New-Mexico,40400,73800,63,4,3546,0,16098
New Mexico Institute of Mining and Technology,New Mexico,NM,Public,4 Year,8510,7770,16280,22268,30778,1,New-Mexico,64700,120400,61,91,2127,0,23529
New York University,New York,NY,Private,4 Year,18156,51828,69984,51828,69984,13,New-York,63100,117700,42,18,49274,0,69984
Newberry College,South Carolina,SC,Private,4 Year,10666,26424,37090,26424,37090,19,South-Carolina,41200,74700,54,14,1093,0,37090
Newman University,Kansas,KS,Private,4 Year,8326,30724,39050,30724,39050,6,Kansas,48000,88500,66,11,3687,0,39050
Nicholls State University,Louisiana,LA,Public,4 Year,9938,7982,17920,9075,19013,14,Louisiana,44500,84300,53,5,6292,0,18466.5
North Carolina Wesleyan College,North Carolina,NC,Private,4 Year,10800,31000,41800,31000,41800,21,North-Carolina,45300,78800,62,8,1872,0,41800
North Central College,Illinois,IL,Private,4 Year,11019,38880,49899,38880,49899,19,Illinois,50400,92900,45,9,3043,0,49899
Northeastern State University,Oklahoma,OK,Public,4 Year,7638,6650,14288,14720,22358,16,Oklahoma,44500,77600,58,7,8310,0,18323
Northeastern University,Massachusetts,MA,Private,4 Year,16880,51387,68267,51387,68267,16,Massachusetts,62500,109700,46,40,19798,0,68267
Northern Arizona University,Arizona,AZ,Public,4 Year,10282,11564,21846,25828,36110,4,Arizona,49600,90000,56,12,27705,0,28978
Northern Illinois University,Illinois,IL,Public,4 Year,10880,12262,23142,12262,23142,14,Illinois,53000,95500,47,20,20611,0,23142
Northern Kentucky University,Kentucky,KY,Public,4 Year,10022,10032,20054,19680,29702,6,Kentucky,49000,87400,46,12,15090,0,24878
Northern State University,South Dakota,SD,Public,4 Year,8029,8498,16527,11471,19500,7,South-Dakota,42300,77700,56,7,3531,0,18013.5
Northwest Christian University,Oregon,OR,Private,4 Year,9300,30050,39350,30050,39350,17,Oregon,45200,81100,62,5,705,0,39350
Northwest Missouri State University,Missouri,MO,Public,4 Year,10016,9805,19821,16457,26473,13,Missouri,46900,85100,50,26,6720,0,23147
Northwest Nazarene University,Idaho,ID,Private,4 Year,7400,29300,36700,29300,36700,6,Idaho,46200,80600,68,7,2249,0,36700
Northwestern Oklahoma State University,Oklahoma,OK,Public,4 Year,4780,7036,11816,14153,18933,18,Oklahoma,42200,76800,55,11,2166,0,15374.5
Northwestern University,Illinois,IL,Private,4 Year,16626,54567,71193,54567,71193,2,Illinois,63400,115400,46,20,21554,0,71193
Norwich University,Vermont,VT,Private,4 Year,13840,40016,53856,40016,53856,3,Vermont,57000,99100,51,20,3672,0,53856
Notre Dame of Maryland University,Maryland,MD,Private,4 Year,11850,36900,48750,36900,48750,23,Maryland,48300,86400,58,3,2764,0,48750
Nova Southeastern University,Florida,FL,Private,4 Year,13250,30900,44150,30900,44150,14,Florida,50200,89800,60,9,24148,0,44150
Oakland University,Michigan,MI,Public,4 Year,10100,12606,22706,24230,34330,9,Michigan,51300,93300,49,19,20519,0,28518
Oakwood University,Alabama,AL,Private,4 Year,9312,16720,26032,16720,26032,15,Alabama,43500,78800,71,16,1939,0,26032
Oberlin College,Ohio,OH,Private,4 Year,16338,55054,71392,55054,71392,13,Ohio,53100,96800,47,21,2978,0,71392
Oglethorpe University,Georgia,GA,Private,4 Year,13200,38100,51300,38100,51300,6,Georgia,52400,91400,50,12,1094,0,51300
Ohio Northern University,Ohio,OH,Private,4 Year,11650,32260,43910,32260,43910,6,Ohio,54400,103900,49,22,3695,0,43910
Ohio Wesleyan University,Ohio,OH,Private,4 Year,12430,45760,58190,45760,58190,9,Ohio,51300,99200,46,21,1734,0,58190
Oklahoma Baptist University,Oklahoma,OK,Private,4 Year,7350,28258,35608,28258,35608,19,Oklahoma,43900,76600,62,8,1979,0,35608
Oklahoma Christian University,Oklahoma,OK,Private,4 Year,8190,22760,30950,22760,30950,7,Oklahoma,49700,87900,57,41,2475,0,30950
Oklahoma City University,Oklahoma,OK,Private,4 Year,8896,31026,39922,31026,39922,7,Oklahoma,47700,87900,58,9,3035,0,39922
Oklahoma Panhandle State University,Oklahoma,OK,Public,4 Year,4695,8194,12889,9133,13828,20,Oklahoma,42300,74400,54,10,1298,0,13358.5
Oklahoma Wesleyan University,Oklahoma,OK,Private,4 Year,8644,26956,35600,26956,35600,15,Oklahoma,43300,78700,58,1,1345,0,35600
Old Dominion University,Virginia,VA,Public,4 Year,11620,10872,22492,29772,41392,14,Virginia,50200,89900,52,19,24932,0,31942
Oral Roberts University,Oklahoma,OK,Private,4 Year,9450,27728,37178,27728,37178,9,Oklahoma,45900,85100,59,8,3481,0,37178
Oregon Health & Science University,Oregon,OR,Public,4 Year,NA,19176,19176,33666,33666,1,Oregon,65400,108300,79,10,2861,0,26421
Oregon Institute of Technology,Oregon,OR,Public,4 Year,9058,9987,19045,28056,37114,2,Oregon,61200,106800,60,27,4260,0,28079.5
Oregon State University,Oregon,OR,Public,4 Year,12855,11166,24021,30141,42996,5,Oregon,56200,104800,53,34,28886,0,33508.5
Ouachita Baptist University,Arkansas,AR,Private,4 Year,7880,26790,34670,26790,34670,8,Arkansas,44100,80200,58,18,1501,0,34670
Pacific Lutheran University,Washington,WA,Private,4 Year,10790,42066,52856,42066,52856,10,Washington,54500,98100,53,20,3242,0,52856
Pacific Northwest College of Art,Oregon,OR,Private,4 Year,12860,38250,51110,38250,51110,15,Oregon,46300,85000,NA,0,519,0,51110
Pacific University,Oregon,OR,Private,4 Year,12528,44298,56826,44298,56826,8,Oregon,50200,94000,66,8,3640,0,56826
Park University,Missouri,MO,Private,4 Year,8200,12650,20850,12650,20850,14,Missouri,48500,85000,56,7,10792,0,20850
Peru State College,Nebraska,NE,Public,4 Year,8010,7452,15462,7482,15492,17,Nebraska,42600,74800,50,6,2499,0,15477
Pfeiffer University,North Carolina,NC,Private,4 Year,11226,30234,41460,30234,41460,23,North-Carolina,44200,78000,51,4,1784,0,41460
Philander Smith College,Arkansas,AR,Private,4 Year,8250,12414,20664,12414,20664,19,Arkansas,34600,61200,NA,26,567,0,20664
Pittsburg State University,Kansas,KS,Public,4 Year,7778,7298,15076,18642,26420,8,Kansas,47100,84900,51,8,7479,0,20748
Plymouth State University,New Hampshire,NH,Public,4 Year,11100,14099,25199,22769,33869,12,New-Hampshire,47000,82200,50,6,4855,0,29534
Pomona College,California,CA,Private,4 Year,16716,52780,69496,52780,69496,13,California,63800,117200,47,37,1650,0,69496
Portland State University,Oregon,OR,Public,4 Year,10428,9105,19533,27060,37488,12,Oregon,50800,90500,48,16,27696,0,28510.5
Prairie View A&M University,Texas,TX,Public,4 Year,8925,10533,19458,24843,33768,17,Texas,57800,99400,65,22,8429,0,26613
Presbyterian College,South Carolina,SC,Private,4 Year,10480,38660,49140,38660,49140,6,South-Carolina,48800,89900,57,14,1460,0,49140
Prescott College,Arizona,AZ,Private,4 Year,7700,31485,39185,31485,39185,7,Arizona,41200,73500,69,0,848,0,39185
Princeton University,New Jersey,NJ,Private,4 Year,16290,49330,65620,49330,65620,2,New-Jersey,75200,139400,48,48,8088,1,65620
Providence College,Rhode Island,RI,Private,4 Year,14700,50390,65090,50390,65090,3,Rhode-Island,58900,106900,44,11,4533,0,65090
Queens University of Charlotte,North Carolina,NC,Private,4 Year,10860,34684,45544,34684,45544,9,North-Carolina,49400,86600,48,9,2248,0,45544
Quinnipiac University,Connecticut,CT,Private,4 Year,14540,47960,62500,47960,62500,10,Connecticut,55900,97700,46,10,9035,0,62500
Radford University,Virginia,VA,Public,4 Year,9406,11210,20616,22845,32251,22,Virginia,48900,82900,53,10,9798,0,26433.5
Ramapo College of New Jersey,New Jersey,NJ,Public,4 Year,12450,14374,26824,23715,36165,15,New-Jersey,51600,95200,41,12,6003,0,31494.5
Randolph College,Virginia,VA,Private,4 Year,13580,39585,53165,39585,53165,19,Virginia,47000,86100,50,23,693,0,53165
Reed College,Oregon,OR,Private,4 Year,14210,56340,70550,56340,70550,3,Oregon,56100,104900,44,26,1394,0,70550
Regis University,Colorado,CO,Private,4 Year,11560,36810,48370,36810,48370,8,Colorado,55500,94800,58,13,9208,0,48370
Rensselaer Polytechnic Institute,New York,NY,Private,4 Year,15260,53880,69140,53880,69140,6,New-York,71300,134100,49,78,6835,0,69140
Rhode Island College,Rhode Island,RI,Public,4 Year,11829,8929,20758,21692,33521,9,Rhode-Island,47200,83500,52,5,8641,0,27139.5
Rhode Island School of Design,Rhode Island,RI,Private,4 Year,13400,50960,64360,50960,64360,4,Rhode-Island,55500,100600,39,0,2449,0,64360
Rhodes College,Tennessee,TN,Private,4 Year,11403,47890,59293,47890,59293,2,Tennessee,51900,97800,46,25,2054,0,59293
Rice University,Texas,TX,Private,4 Year,14000,47350,61350,47350,61350,1,Texas,71000,129500,50,45,6621,0,61350
Rider University,New Jersey,NJ,Private,4 Year,14700,41310,56010,41310,56010,8,New-Jersey,51600,99000,47,5,5294,0,56010
Ripon College,Wisconsin,WI,Private,4 Year,8400,43808,52208,43808,52208,10,Wisconsin,46300,89600,60,26,840,0,52208
Roanoke College,Virginia,VA,Private,4 Year,13690,44030,57720,44030,57720,20,Virginia,48500,85100,53,18,2050,0,57720
Rockhurst University,Missouri,MO,Private,4 Year,10200,37590,47790,37590,47790,7,Missouri,54000,92500,59,11,3002,0,47790
Rocky Mountain College,Montana,MT,Private,4 Year,8330,28512,36842,28512,36842,5,Montana,46000,82900,59,12,1007,0,36842
Roger Williams University,Rhode Island,RI,Private,4 Year,15890,34522,50412,34522,50412,8,Rhode-Island,52900,92700,48,12,4884,0,50412
Rogers State University,Oklahoma,OK,Public,4 Year,8616,6870,15486,15210,23826,22,Oklahoma,41400,73800,48,11,4030,0,19656
Rollins College,Florida,FL,Private,4 Year,14735,49760,64495,49760,64495,18,Florida,49000,87000,53,7,3207,0,64495
Rose-Hulman Institute of Technology,Indiana,IN,Private,4 Year,14766,49871,64637,49871,64637,1,Indiana,75000,135800,51,96,2388,0,64637
Rowan University,New Jersey,NJ,Public,4 Year,12552,13697,26249,22339,34891,20,New-Jersey,51100,91200,43,21,14778,0,30570
Rush University,Illinois,IL,Private,4 Year,NA,24900,24900,24900,24900,5,Illinois,63500,107600,88,6,2457,0,24900
Rust College,Mississippi,MS,Private,4 Year,4300,9900,14200,9900,14200,13,Mississippi,34800,62400,76,32,963,0,14200
Sacred Heart University,Connecticut,CT,Private,4 Year,15310,41420,56730,41420,56730,9,Connecticut,55000,100500,46,15,7781,0,56730
Saginaw Valley State University,Michigan,MI,Public,4 Year,10186,10308,20494,24215,34401,25,Michigan,46400,82200,54,12,9829,0,27447.5
Saint Anselm College,New Hampshire,NH,Private,4 Year,14500,41200,55700,41200,55700,2,New-Hampshire,56400,100300,59,11,1968,0,55700
Saint Joseph's College of Maine,Maine,ME,Private,4 Year,13680,35650,49330,35650,49330,7,Maine,46900,84300,60,2,2933,0,49330
Saint Louis University,Missouri,MO,Private,4 Year,12290,43884,56174,43884,56174,4,Missouri,54200,95300,56,13,17052,0,56174
Saint Martin's University,Washington,WA,Private,4 Year,11445,37356,48801,37356,48801,15,Washington,53200,91800,60,29,1801,0,48801
Saint Mary's College of California,California,CA,Private,4 Year,15370,47280,62650,47280,62650,21,California,59900,110800,51,5,4112,0,62650
Saint Michael's College,Vermont,VT,Private,4 Year,12220,45375,57595,45375,57595,4,Vermont,52900,98500,40,18,2618,0,57595
Saint Peter's University,New Jersey,NJ,Private,4 Year,15414,37486,52900,37486,52900,12,New-Jersey,52900,95900,35,14,3302,0,52900
Saint Xavier University,Illinois,IL,Private,4 Year,11340,33880,45220,33880,45220,20,Illinois,49400,91200,60,10,4073,0,45220
Salisbury University,Maryland,MD,Public,4 Year,11950,9824,21774,19526,31476,19,Maryland,50400,89800,51,12,8770,0,26625
Salve Regina University,Rhode Island,RI,Private,4 Year,14500,40550,55050,40550,55050,6,Rhode-Island,53000,93900,50,6,2739,0,55050
Samford University,Alabama,AL,Private,4 Year,10550,31650,42200,31650,42200,5,Alabama,48400,90500,52,3,4933,0,42200
San Jose State University,California,CA,Public,4 Year,16442,7796,24238,17300,33742,17,California,63000,114700,53,28,32713,0,28990
Santa Clara University,California,CA,Private,4 Year,14910,51711,66621,51711,66621,6,California,69900,134700,44,29,9015,0,66621
Savannah College of Art and Design,Georgia,GA,Private,4 Year,14550,36630,51180,36630,51180,21,Georgia,46800,80100,34,3,11347,0,51180
Seattle Pacific University,Washington,WA,Private,4 Year,11796,42939,54735,42939,54735,6,Washington,53600,103400,52,9,4217,0,54735
Seattle University,Washington,WA,Private,4 Year,12288,44610,56898,44610,56898,1,Washington,60600,113700,59,12,7273,0,56898
Seton Hall University,New Jersey,NJ,Private,4 Year,15800,42470,58270,42470,58270,5,New-Jersey,57100,103800,45,8,9627,0,58270
Shenandoah University,Virginia,VA,Private,4 Year,10370,32530,42900,32530,42900,18,Virginia,48700,86600,57,7,3693,0,42900
Shepherd University,West Virginia,WV,Public,4 Year,10500,7548,18048,18048,28548,4,West-Virginia,47100,87100,48,12,4041,0,23298
Shorter University,Georgia,GA,Private,4 Year,9400,22370,31770,22370,31770,22,Georgia,45600,79900,55,6,1566,0,31770
Sierra Nevada College,Nevada,NV,Private,4 Year,13357,34241,47598,34241,47598,1,Nevada,54000,95500,39,2,1039,0,47598
Smith College,Massachusetts,MA,Private,4 Year,17520,52404,69924,52404,69924,24,Massachusetts,52700,98200,51,26,2989,0,69924
South Carolina State University,South Carolina,SC,Public,4 Year,9890,11060,20950,21750,31640,10,South-Carolina,44500,80800,71,16,3331,0,26295
South Dakota School of Mines and Technology,South Dakota,SD,Public,4 Year,8440,9779,18219,14021,22461,1,South-Dakota,66500,118500,58,92,2798,0,20340
South Dakota State University,South Dakota,SD,Public,4 Year,7896,8764,16660,12128,20024,2,South-Dakota,50500,91900,58,18,12543,0,18342
Southeast Missouri State University,Missouri,MO,Public,4 Year,8935,7418,16353,13155,22090,20,Missouri,43700,79100,52,9,12087,0,19221.5
Southeastern Louisiana University,Louisiana,LA,Public,4 Year,8420,8165,16585,20643,29063,15,Louisiana,46700,83900,51,8,14487,0,22824
Southeastern Oklahoma State University,Oklahoma,OK,Public,4 Year,6970,6750,13720,15390,22360,14,Oklahoma,45000,80500,53,15,3878,0,18040
Southern Adventist University,Tennessee,TN,Private,4 Year,6940,21950,28890,21950,28890,10,Tennessee,47500,84000,67,9,3175,0,28890
Southern Connecticut State University,Connecticut,CT,Public,4 Year,12860,10875,23735,22115,34975,20,Connecticut,48500,83600,51,6,10825,0,29355
Southern Methodist University,Texas,TX,Private,4 Year,16845,54493,71338,54493,71338,5,Texas,59700,110400,46,22,11272,0,71338
Southern Nazarene University,Oklahoma,OK,Private,4 Year,8496,25188,33684,25188,33684,13,Oklahoma,46100,81000,62,5,2254,0,33684
Southern New Hampshire University,New Hampshire,NH,Private,4 Year,13120,31136,44256,31136,44256,11,New-Hampshire,47400,83400,49,8,43274,0,44256
Southern Oregon University,Oregon,OR,Public,4 Year,13199,9654,22853,25584,38783,16,Oregon,46000,81200,54,6,5954,0,30818
Southern University at New Orleans,Louisiana,LA,Public,4 Year,9040,9371,18411,11160,20200,22,Louisiana,40100,71000,76,13,2103,0,19305.5
Southern Vermont College,Vermont,VT,Private,4 Year,11000,25511,36511,25511,36511,9,Vermont,42900,78700,63,17,457,0,36511
Southern Wesleyan University,South Carolina,SC,Private,4 Year,9030,25476,34506,25476,34506,20,South-Carolina,42900,74600,52,5,1778,0,34506
Southwestern Oklahoma State University,Oklahoma,OK,Public,4 Year,5830,7035,12865,13935,19765,6,Oklahoma,47900,90800,58,5,4994,0,16315
Spalding University,Kentucky,KY,Private,4 Year,7600,24500,32100,24500,32100,13,Kentucky,44800,79200,71,0,2311,0,32100
Spelman College,Georgia,GA,Private,4 Year,13865,29314,43179,29314,43179,10,Georgia,50200,85400,52,24,2135,0,43179
Spring Hill College,Alabama,AL,Private,4 Year,13462,39464,52926,39464,52926,6,Alabama,46600,89100,53,12,1376,0,52926
St. Mary's University,Texas,TX,Private,4 Year,10270,30650,40920,30650,40920,22,Texas,52900,95300,61,17,3712,0,40920
Stanford University,California,CA,Private,4 Year,15763,51354,67117,51354,67117,4,California,79000,145200,56,51,16963,0,67117
Stephens College,Missouri,MO,Private,4 Year,10632,30950,41582,30950,41582,24,Missouri,42800,77200,47,6,862,0,41582
Stetson University,Florida,FL,Private,4 Year,13052,46030,59082,46030,59082,21,Florida,47000,86000,44,7,4137,0,59082
Stevens Institute of Technology,New Jersey,NJ,Private,4 Year,15244,52202,67446,52202,67446,1,New-Jersey,75100,139900,47,79,6125,0,67446
Stevenson University,Maryland,MD,Private,4 Year,13130,36182,49312,36182,49312,15,Maryland,50400,91600,51,15,4322,0,49312
Stockton University,New Jersey,NJ,Public,4 Year,12282,13739,26021,20866,33148,25,New-Jersey,47400,85800,49,16,8570,0,29584.5
Stonehill College,Massachusetts,MA,Private,4 Year,16000,42746,58746,42746,58746,19,Massachusetts,55900,103200,42,18,2284,0,58746
Swarthmore College,Pennsylvania,PA,Private,4 Year,15474,52588,68062,52588,68062,4,Pennsylvania,67500,123200,44,45,1542,0,68062
Tabor College,Kansas,KS,Private,4 Year,9850,28245,38095,28245,38095,20,Kansas,43300,77500,62,7,766,0,38095
Taylor University,Indiana,IN,Private,4 Year,9614,34114,43728,34114,43728,10,Indiana,48700,90600,59,16,2146,0,43728
Tennessee State University,Tennessee,TN,Public,4 Year,7806,8008,15814,21364,29170,19,Tennessee,47200,78400,68,14,9027,0,22492
Tennessee Technological University,Tennessee,TN,Public,4 Year,9736,9103,18839,25759,35495,6,Tennessee,53100,95100,48,28,11339,0,27167
Texas Christian University,Texas,TX,Private,4 Year,12804,46950,59754,46950,59754,19,Texas,56000,98700,51,9,10033,0,59754
Texas Tech University,Texas,TX,Public,4 Year,9530,11045,20575,23495,33025,7,Texas,56800,106500,54,22,35158,0,26800
Texas Tech University Health Sciences Center,Texas,TX,Public,4 Year,NA,7911,7911,20361,20361,8,Texas,61300,104900,86,3,4931,0,14136
Thomas Edison State University,New Jersey,NJ,Public,4 Year,NA,7519,7519,9967,9967,13,New-Jersey,52500,95600,54,0,21495,0,8743
Thomas More College,Kentucky,KY,Private,4 Year,7950,31120,39070,31120,39070,2,Kentucky,50000,90900,56,8,1655,0,39070
Thomas More College of Liberal Arts,New Hampshire,NH,Private,4 Year,9700,21600,31300,21600,31300,5,New-Hampshire,48900,88300,NA,0,93,0,31300
Tougaloo College,Mississippi,MS,Private,4 Year,6643,10790,17433,10790,17433,12,Mississippi,36900,66400,69,18,900,0,17433
Towson University,Maryland,MD,Public,4 Year,13034,9940,22974,23208,36242,16,Maryland,51200,91200,47,15,22285,0,29608
Transylvania University,Kentucky,KY,Private,4 Year,10460,38750,49210,38750,49210,7,Kentucky,47900,85600,51,25,1014,0,49210
Trevecca Nazarene University,Tennessee,TN,Private,4 Year,8400,25598,33998,25598,33998,14,Tennessee,45300,81700,65,5,2606,0,33998
Trine University,Indiana,IN,Private,4 Year,10810,32175,42985,32175,42985,6,Indiana,55100,100300,56,26,2831,0,42985
Trinity University,Texas,TX,Private,4 Year,13464,42976,56440,42976,56440,11,Texas,54900,102900,46,27,2432,0,56440
Troy University,Alabama,AL,Public,4 Year,8185,12460,20645,22875,31060,11,Alabama,44500,81500,60,8,19041,0,25852.5
Truman State University,Missouri,MO,Public,4 Year,8780,7729,16509,14581,23361,12,Missouri,47900,85800,48,16,6248,0,19935
Tufts University,Massachusetts,MA,Private,4 Year,14560,56382,70942,56382,70942,7,Massachusetts,65200,118100,49,25,10907,0,70942
Tuskegee University,Alabama,AL,Private,4 Year,9650,22170,31820,22170,31820,4,Alabama,54500,93500,61,30,3103,0,31820
University of Alabama at Birmingham,Alabama,AL,Public,4 Year,6400,10710,17110,24630,31030,8,Alabama,48600,87200,57,17,18698,0,24070
University of Arizona,Arizona,AZ,Public,4 Year,12550,12487,25037,36386,48936,2,Arizona,56100,101000,51,23,42236,0,36986.5
University of Arkansas at Little Rock,Arkansas,AR,Public,4 Year,8930,8966,17896,21206,30136,7,Arkansas,45600,80800,55,13,11645,0,24016
University of Arkansas at Monticello,Arkansas,AR,Public,4 Year,6824,7696,14520,13546,20370,12,Arkansas,43500,78300,61,2,3854,0,17445
University of Arkansas at Pine Bluff,Arkansas,AR,Public,4 Year,7881,7842,15723,14094,21975,17,Arkansas,40500,70500,67,22,2513,0,18849
University of Arkansas for Medical Sciences,Arkansas,AR,Public,4 Year,NA,8197,8197,15973,15973,3,Arkansas,51700,89100,84,3,2890,0,12085
University of Baltimore,Maryland,MD,Public,4 Year,NA,8958,8958,21076,21076,20,Maryland,51000,89600,56,2,6422,0,15017
University of Bridgeport,Connecticut,CT,Private,4 Year,13860,32850,46710,32850,46710,13,Connecticut,49900,93600,59,31,5191,0,46710
University of Central Arkansas,Arkansas,AR,Public,4 Year,6854,8751,15605,15274,22128,10,Arkansas,44900,79800,52,8,11698,0,18866.5
University of Central Florida,Florida,FL,Public,4 Year,9617,6368,15985,22467,32084,16,Florida,49700,88600,50,16,60767,0,24034.5
University of Central Missouri,Missouri,MO,Public,4 Year,8766,7673,16439,14442,23208,16,Missouri,46900,83300,54,45,13379,0,19823.5
University of Central Oklahoma,Oklahoma,OK,Public,4 Year,7970,7488,15458,18376,26346,10,Oklahoma,45300,82900,56,8,16840,0,20902
University of Charleston,West Virginia,WV,Private,4 Year,9180,30900,40080,30900,40080,8,West-Virginia,44600,81900,51,4,2111,0,40080
University of Chicago,Illinois,IL,Private,4 Year,16350,58230,74580,58230,74580,4,Illinois,64000,114200,41,22,15097,0,74580
University of Connecticut,Connecticut,CT,Public,4 Year,12874,15730,28604,38098,50972,6,Connecticut,59100,105200,48,24,26541,0,39788
University of Dallas,Texas,TX,Private,4 Year,12400,40652,53052,40652,53052,21,Texas,53000,96400,49,16,2548,0,53052
University of Dayton,Ohio,OH,Private,4 Year,13580,42900,56480,42900,56480,4,Ohio,57400,105000,44,33,11343,0,56480
University of Delaware,Delaware,DE,Public,4 Year,12862,13680,26542,34310,47172,1,Delaware,58600,105400,43,22,22680,0,36857
University of Denver,Colorado,CO,Private,4 Year,13005,50556,63561,50556,63561,4,Colorado,55700,105100,48,12,11809,0,63561
University of Detroit Mercy,Michigan,MI,Private,4 Year,9496,28000,37496,28000,37496,10,Michigan,51800,92800,57,13,4945,0,37496
University of Dubuque,Iowa,IA,Private,4 Year,9930,34110,44040,34110,44040,21,Iowa,44200,79700,48,7,2121,0,44040
University of Evansville,Indiana,IN,Private,4 Year,12460,36416,48876,36416,48876,11,Indiana,50300,89900,54,17,2567,0,48876
University of Florida,Florida,FL,Public,4 Year,10120,6381,16501,28658,38778,4,Florida,55800,102800,52,29,49459,0,27639.5
University of Georgia,Georgia,GA,Public,4 Year,10038,11830,21868,30404,40442,3,Georgia,54400,100700,45,14,35197,0,31155
University of Hartford,Connecticut,CT,Private,4 Year,12476,40694,53170,40694,53170,7,Connecticut,55200,101600,53,15,6817,0,53170
University of Hawaii at Hilo,Hawaii,HI,Public,4 Year,11406,7720,19126,20680,32086,5,Hawaii,44000,77200,59,14,3924,0,25606
University of Houston,Texas,TX,Public,4 Year,10270,12506,22776,27956,38226,9,Texas,56000,103900,50,24,40914,0,30501
University of Houston-Clear Lake,Texas,TX,Public,4 Year,NA,8500,8500,24731,24731,23,Texas,50700,94800,48,29,8665,0,16615.5
University of Idaho,Idaho,ID,Public,4 Year,8880,7864,16744,25500,34380,1,Idaho,52300,97700,54,22,11702,0,25562
University of Illinois at Chicago,Illinois,IL,Public,4 Year,12074,13764,25838,26980,39054,7,Illinois,56300,103800,48,31,27969,0,32446
University of Illinois at Urbana-Champaign,Illinois,IL,Public,4 Year,11308,15094,26402,31664,42972,3,Illinois,62600,115300,44,36,45140,0,34687
University of Indianapolis,Indiana,IN,Private,4 Year,10288,29688,39976,29688,39976,21,Indiana,47300,84500,55,5,5442,0,39976
University of Iowa,Iowa,IA,Public,4 Year,11172,9267,20439,31233,42405,3,Iowa,54100,99400,48,16,29970,0,31422
University of Jamestown,North Dakota,ND,Private,4 Year,7570,21976,29546,21976,29546,3,North-Dakota,47600,85400,64,11,970,0,29546
University of Kansas,Kansas,KS,Public,4 Year,10350,11148,21498,27358,37708,1,Kansas,53000,98600,52,16,27180,0,29603
University of Kentucky,Kentucky,KY,Public,4 Year,12982,12245,25227,29099,42081,1,Kentucky,51700,96400,48,19,29203,0,33654
University of Louisiana at Lafayette,Louisiana,LA,Public,4 Year,8516,10616,19132,24344,32860,5,Louisiana,48200,92500,52,19,17195,0,25996
University of Louisiana at Monroe,Louisiana,LA,Public,4 Year,7850,8734,16584,20834,28684,5,Louisiana,48500,92500,65,7,8517,0,22634
University of Louisville,Kentucky,KY,Public,4 Year,9226,11656,20882,27278,36504,5,Kentucky,49500,87600,50,18,21561,0,28693
University of Maine,Maine,ME,Public,4 Year,10418,11170,21588,30970,41388,5,Maine,52000,95000,50,24,11286,0,31488
University of Maine at Augusta,Maine,ME,Public,4 Year,NA,7988,7988,17918,17918,12,Maine,41600,73100,61,7,4664,0,12953
University of Maine at Farmington,Maine,ME,Public,4 Year,9726,9666,19392,19778,29504,13,Maine,41100,71700,64,5,1960,0,24448
University of Maine at Fort Kent,Maine,ME,Public,4 Year,8220,8115,16335,12315,20535,11,Maine,43500,76300,73,5,1327,0,18435
University of Maine at Machias,Maine,ME,Public,4 Year,8486,7840,16326,15100,23586,16,Maine,37100,66200,47,13,810,0,19956
University of Maine at Presque Isle,Maine,ME,Public,4 Year,8406,8035,16441,12235,20641,14,Maine,39000,70700,58,6,1138,0,18541
University of Mary,North Dakota,ND,Private,4 Year,6890,18720,25610,18720,25610,6,North-Dakota,46400,79100,64,3,2809,0,25610
University of Memphis,Tennessee,TN,Public,4 Year,9975,9701,19676,21413,31388,8,Tennessee,47200,85800,55,12,21059,0,25532
University of Miami,Florida,FL,Private,4 Year,14108,50226,64334,50226,64334,6,Florida,56200,99600,48,22,16674,0,64334
University of Mississippi,Mississippi,MS,Public,4 Year,10696,8660,19356,24614,35310,2,Mississippi,48500,89100,55,12,22503,0,27333
University of Mobile,Alabama,AL,Private,4 Year,9600,22820,32420,22820,32420,19,Alabama,40600,74100,77,7,1600,0,32420
University of Montevallo,Alabama,AL,Public,4 Year,9330,12760,22090,25780,35110,22,Alabama,38900,70700,49,7,3070,0,28600
University of Mount Union,Ohio,OH,Private,4 Year,10200,31260,41460,31260,41460,22,Ohio,48300,88500,41,19,2262,0,41460
University of Nebraska Medical Center,Nebraska,NE,Public,4 Year,NA,11558,11558,28898,28898,3,Nebraska,53400,93000,79,6,3696,0,20228
University of New England,Maine,ME,Private,4 Year,13990,37620,51610,37620,51610,6,Maine,50100,91500,69,7,6429,0,51610
University of New Hampshire at Manchester,New Hampshire,NH,Public,4 Year,NA,15265,15265,30635,30635,4,New-Hampshire,51900,90900,50,32,850,0,22950
University of New Haven,Connecticut,CT,Private,4 Year,15900,39270,55170,39270,55170,11,Connecticut,52100,94800,52,25,6811,0,55170
University of New Orleans,Louisiana,LA,Public,4 Year,10575,9054,19629,13890,24465,7,Louisiana,49900,91600,55,23,9234,0,22047
University of North Alabama,Alabama,AL,Public,4 Year,9200,10370,19570,18680,27880,18,Alabama,43000,75600,61,6,6841,0,23725
University of North Carolina at Chapel Hill,North Carolina,NC,Public,4 Year,11190,8987,20177,35170,46360,5,North-Carolina,55000,100800,49,19,29135,0,33268.5
University of North Carolina at Charlotte,North Carolina,NC,Public,4 Year,11100,7044,18144,20478,31578,8,North-Carolina,52500,92600,49,25,27238,0,24861
University of North Carolina School of the Arts,North Carolina,NC,Public,4 Year,9021,9358,18379,25501,34522,16,North-Carolina,46400,82400,44,0,958,0,26450.5
University of North Dakota,North Dakota,ND,Public,4 Year,8974,8695,17669,20759,29733,2,North-Dakota,53800,96000,54,16,14906,0,23701
University of North Florida,Florida,FL,Public,4 Year,9976,6394,16370,20112,30088,19,Florida,48800,86600,51,11,15984,0,23229
University of North Georgia,Georgia,GA,Public,4 Year,7876,7336,15212,21148,29024,9,Georgia,47300,85600,51,8,16064,0,22118
University of Northern Colorado,Colorado,CO,Public,4 Year,11204,9786,20990,21474,32678,12,Colorado,47700,87100,52,7,12050,0,26834
University of Northern Iowa,Iowa,IA,Public,4 Year,8948,8938,17886,19480,28428,15,Iowa,47100,85300,46,8,11928,0,23157
University of Notre Dame,Indiana,IN,Private,4 Year,15410,53391,68801,53391,68801,2,Indiana,67000,130500,45,28,12179,0,68801
University of Oregon,Oregon,OR,Public,4 Year,12963,11898,24861,35478,48441,7,Oregon,51800,95800,46,13,24096,0,36651
University of Pennsylvania,Pennsylvania,PA,Private,4 Year,15616,55584,71200,55584,71200,3,Pennsylvania,72800,133900,41,21,24806,1,71200
University of Pikeville,Kentucky,KY,Private,4 Year,7800,20950,28750,20950,28750,21,Kentucky,39000,70700,74,11,2458,0,28750
University of Portland,Oregon,OR,Private,4 Year,13450,45904,59354,45904,59354,3,Oregon,58500,104900,52,28,4143,0,59354
University of Puget Sound,Washington,WA,Private,4 Year,12540,49776,62316,49776,62316,8,Washington,54200,101300,45,21,2826,0,62316
University of Rhode Island,Rhode Island,RI,Public,4 Year,12950,14138,27088,30862,43812,5,Rhode-Island,54500,99700,50,18,16571,0,35450
University of Richmond,Virginia,VA,Private,4 Year,12250,52610,64860,52610,64860,7,Virginia,59800,107500,48,13,4182,0,64860
University of Rochester,New York,NY,Private,4 Year,15938,53926,69864,53926,69864,16,New-York,61100,112700,50,32,11060,0,69864
University of Saint Joseph,Connecticut,CT,Private,4 Year,11428,39173,50601,39173,50601,14,Connecticut,49900,88800,63,9,2565,0,50601
University of San Diego,California,CA,Private,4 Year,12980,49358,62338,49358,62338,25,California,58900,109400,48,12,8349,0,62338
University of San Francisco,California,CA,Private,4 Year,14830,48066,62896,48066,62896,23,California,60600,109900,52,6,10689,0,62896
University of Science and Arts of Oklahoma,Oklahoma,OK,Public,4 Year,6350,7215,13565,17565,23915,23,Oklahoma,37300,67400,49,11,904,0,18740
University of Scranton,Pennsylvania,PA,Private,4 Year,15182,44532,59714,44532,59714,23,Pennsylvania,56400,99700,42,12,5589,0,59714
University of Sioux Falls,South Dakota,SD,Private,4 Year,7350,18280,25630,18280,25630,6,South-Dakota,44400,78200,64,6,1419,0,25630
University of South Alabama,Alabama,AL,Public,4 Year,7620,9870,17490,19740,27360,9,Alabama,47700,86400,56,17,15805,0,22425
University of South Dakota,South Dakota,SD,Public,4 Year,8216,9061,17277,12425,20641,4,South-Dakota,47500,87900,56,8,10061,0,18959
University of Southern California,California,CA,Private,4 Year,15395,56225,71620,56225,71620,11,California,64500,120600,47,23,42453,0,71620
University of Southern Maine,Maine,ME,Public,4 Year,9450,9520,18970,22780,32230,9,Maine,46900,81300,55,8,8428,0,25600
University of Southern Mississippi,Mississippi,MS,Public,4 Year,9857,8734,18591,10734,20591,4,Mississippi,45100,83900,56,11,14792,0,19591
University of the Cumberlands,Kentucky,KY,Private,4 Year,9000,23000,32000,23000,32000,17,Kentucky,39800,73800,63,8,5736,0,32000
University of the Ozarks,Arkansas,AR,Private,4 Year,7400,24230,31630,24230,31630,14,Arkansas,42300,74500,58,16,587,0,31630
University of Toledo,Ohio,OH,Public,4 Year,11434,9795,21229,19133,30567,18,Ohio,51800,92500,52,21,20626,0,25898
University of Tulsa,Oklahoma,OK,Private,4 Year,11116,41509,52625,41509,52625,1,Oklahoma,58700,107200,51,36,4682,0,52625
University of Utah,Utah,UT,Public,4 Year,10262,9222,19484,29215,39477,2,Utah,54800,102600,57,22,31515,0,29480.5
University of Vermont,Vermont,VT,Public,4 Year,12462,18276,30738,42516,54978,2,Vermont,53200,99400,50,22,12856,0,42858
University of West Alabama,Alabama,AL,Public,4 Year,8116,10040,18156,18490,26606,17,Alabama,42700,76100,61,4,3989,0,22381
University of West Georgia,Georgia,GA,Public,4 Year,10918,7292,18210,20774,31692,15,Georgia,46700,82700,51,9,12206,0,24951
University of Wisconsin-Parkside,Wisconsin,WI,Public,4 Year,8026,7529,15555,15518,23544,24,Wisconsin,46000,81400,47,17,4543,0,19549.5
University of Wisconsin-Stout,Wisconsin,WI,Public,4 Year,6924,9457,16381,17423,24347,11,Wisconsin,50400,89500,47,14,9394,0,20364
University of Wyoming,Wyoming,WY,Public,4 Year,10320,5400,15720,17490,27810,1,Wyoming,52400,98800,58,25,12820,0,21765
Valdosta State University,Georgia,GA,Public,4 Year,8110,7476,15586,20958,29068,19,Georgia,43400,81000,57,7,11563,0,22327
Valley City State University,North Dakota,ND,Public,4 Year,6446,7626,14072,17166,23612,8,North-Dakota,39900,68600,56,3,1378,0,18842
Valparaiso University,Indiana,IN,Private,4 Year,11860,40260,52120,40260,52120,8,Indiana,53300,98000,52,31,4507,0,52120
Vanderbilt University,Tennessee,TN,Private,4 Year,16234,49816,66050,49816,66050,1,Tennessee,65400,119100,48,23,12686,0,66050
Vermont Technical College,Vermont,VT,Public,4 Year,10598,15108,25706,27780,38378,5,Vermont,52400,93900,41,4,1542,0,32042
Villanova University,Pennsylvania,PA,Private,4 Year,14020,53308,67328,53308,67328,7,Pennsylvania,65100,119500,41,23,10735,0,67328
Virginia Commonwealth University,Virginia,VA,Public,4 Year,10428,14490,24918,35138,45566,16,Virginia,49900,88200,52,18,30848,0,35242
Virginia Military Institute,Virginia,VA,Public,4 Year,9428,18862,28290,45706,55134,2,Virginia,65900,120600,68,47,1700,0,41712
Virginia State University,Virginia,VA,Public,4 Year,11208,9056,20264,19576,30784,24,Virginia,44900,81800,61,14,5025,0,25524
Viterbo University,Wisconsin,WI,Private,4 Year,9060,27970,37030,27970,37030,22,Wisconsin,46800,81900,62,3,2804,0,37030
Wabash College,Indiana,IN,Private,4 Year,10050,43450,53500,43450,53500,3,Indiana,62200,114400,40,34,926,0,53500
Wake Forest University,North Carolina,NC,Private,4 Year,16032,53322,69354,53322,69354,2,North-Carolina,60700,114800,44,13,7788,0,69354
Walla Walla University,Washington,WA,Private,4 Year,4275,28035,32310,28035,32310,11,Washington,53700,97800,54,22,1887,0,32310
Walsh College of Accountancy and Business Administration,Michigan,MI,Private,4 Year,NA,17625,17625,17625,17625,20,Michigan,49400,85200,42,5,2753,0,17625
Wartburg College,Iowa,IA,Private,4 Year,9996,41280,51276,41280,51276,12,Iowa,49300,88000,49,34,1661,0,51276
Washburn University,Kansas,KS,Public,4 Year,8237,8870,17107,19940,28177,12,Kansas,47000,83000,54,4,6722,0,22642
Washington State University,Washington,WA,Public,4 Year,11398,11581,22979,26365,37763,5,Washington,55900,103700,50,20,28686,0,30371
Wayne State College,Nebraska,NE,Public,4 Year,7668,6989,14657,12299,19967,18,Nebraska,40600,73400,54,11,3470,0,17312
Wayne State University,Michigan,MI,Public,4 Year,10427,13347,23774,28241,38668,12,Michigan,50800,91700,53,21,27578,0,31221
Webb Institute,New York,NY,Private,4 Year,15050,50175,65225,50175,65225,3,New-York,80800,141800,NA,100,90,0,65225
Weber State University,Utah,UT,Public,4 Year,6279,5831,12110,16585,22864,3,Utah,53900,94000,60,8,25954,0,17487
Webster University,Missouri,MO,Private,4 Year,11050,27900,38950,27900,38950,15,Missouri,46500,83500,50,2,16769,0,38950
Wellesley College,Massachusetts,MA,Private,4 Year,16468,53732,70200,53732,70200,18,Massachusetts,58900,106200,48,34,2323,0,70200
Wentworth Institute of Technology,Massachusetts,MA,Private,4 Year,14190,33950,48140,33950,48140,15,Massachusetts,62700,112700,53,39,4558,0,48140
West Liberty University,West Virginia,WV,Public,4 Year,9406,7730,17136,15670,25076,10,West-Virginia,42500,77000,51,6,2694,0,21106
West Virginia State University,West Virginia,WV,Public,4 Year,11892,8167,20059,16072,27964,12,West-Virginia,41800,76000,46,8,2884,0,24011.5
West Virginia University,West Virginia,WV,Public,4 Year,10918,8856,19774,24950,35868,2,West-Virginia,54400,99900,52,22,29175,0,27821
West Virginia University at Parkersburg,West Virginia,WV,Public,2 Year,NA,6330,6330,10920,10920,18,West-Virginia,36700,65200,67,3,2985,0,8625
West Virginia University Institute of Technology,West Virginia,WV,Public,4 Year,11390,7464,18854,18648,30038,1,West-Virginia,57100,103700,56,40,1261,0,24446
West Virginia Wesleyan College,West Virginia,WV,Private,4 Year,8856,31640,40496,31640,40496,5,West-Virginia,47000,85200,53,21,1511,0,40496
Western Carolina University,North Carolina,NC,Public,4 Year,9682,4220,13902,8220,17902,25,North-Carolina,44700,77700,58,8,10382,0,15902
Western Connecticut State University,Connecticut,CT,Public,4 Year,13072,10819,23891,22059,35131,15,Connecticut,51700,88100,50,6,5952,0,29511
Western Governors University,Utah,UT,Private,4 Year,NA,6670,6670,6670,6670,6,Utah,54500,91500,57,9,57821,0,6670
Western Kentucky University,Kentucky,KY,Public,4 Year,8343,10602,18945,26496,34839,8,Kentucky,45500,83100,49,10,20171,0,26892
Western Michigan University,Michigan,MI,Public,4 Year,10143,12483,22626,15373,25516,11,Michigan,50900,92200,47,16,23914,0,24071
Western New England University,Massachusetts,MA,Private,4 Year,13590,36804,50394,36804,50394,20,Massachusetts,56400,103000,44,21,3922,0,50394
Western New Mexico University,New Mexico,NM,Public,4 Year,9136,6824,15960,15231,24367,5,New-Mexico,41700,76700,75,4,3557,0,20163.5
Western Oregon University,Oregon,OR,Public,4 Year,10415,9540,19955,26415,36830,20,Oregon,44500,79300,50,5,6049,0,28392.5
Western State Colorado University,Colorado,CO,Public,4 Year,9635,10114,19749,21586,31221,14,Colorado,44800,81500,47,19,2584,0,25485
Western Washington University,Washington,WA,Public,4 Year,11466,8132,19598,23544,35010,9,Washington,55000,99300,45,16,15060,0,27304
Wheeling Jesuit University,West Virginia,WV,Private,4 Year,9900,29290,39190,29290,39190,7,West-Virginia,44800,83400,57,5,1575,0,39190
Whitman College,Washington,WA,Private,4 Year,13174,51764,64938,51764,64938,7,Washington,54600,102600,53,33,1498,0,64938
Whitworth University,Washington,WA,Private,4 Year,11496,43640,55136,43640,55136,17,Washington,49900,88800,52,18,2654,0,55136
Wichita State University,Kansas,KS,Public,4 Year,11252,8271,19523,17452,28704,7,Kansas,48700,87300,57,24,14995,0,24113.5
Widener University,Pennsylvania,PA,Private,4 Year,14446,45948,60394,45948,60394,21,Pennsylvania,55700,100100,57,13,4912,0,60394
Willamette University,Oregon,OR,Private,4 Year,12440,50074,62514,50074,62514,6,Oregon,52200,97700,49,14,2780,0,62514
William Carey University,Mississippi,MS,Private,4 Year,6810,12600,19410,12600,19410,9,Mississippi,41100,71800,61,6,3936,0,19410
William Jewell College,Missouri,MO,Private,4 Year,9930,34400,44330,34400,44330,6,Missouri,51400,94500,60,12,1060,0,44330
William Paterson University of New Jersey,New Jersey,NJ,Public,4 Year,11445,13060,24505,21260,32705,21,New-Jersey,50500,90200,44,7,11048,0,28605
William Penn University,Iowa,IA,Private,4 Year,6952,25600,32552,25600,32552,23,Iowa,43900,78300,59,7,1791,0,32552
Williams College,Massachusetts,MA,Private,4 Year,14500,55450,69950,55450,69950,5,Massachusetts,67500,127500,47,32,2126,0,69950
Winona State University,Minnesota,MN,Public,4 Year,9010,9425,18435,15348,24358,16,Minnesota,49700,86800,51,10,8684,0,21396.5
Winthrop University,South Carolina,SC,Public,4 Year,9312,15590,24902,29846,39158,11,South-Carolina,44300,79700,49,9,6024,0,32030
Wisconsin Lutheran College,Wisconsin,WI,Private,4 Year,10190,29725,39915,29725,39915,20,Wisconsin,46200,82500,45,10,1179,0,39915
Wittenberg University,Ohio,OH,Private,4 Year,10356,39500,49856,39500,49856,3,Ohio,52400,105400,61,22,1964,0,49856
Wofford College,South Carolina,SC,Private,4 Year,12685,43845,56530,43845,56530,4,South-Carolina,51300,96600,51,28,1658,0,56530
Worcester Polytechnic Institute,Massachusetts,MA,Private,4 Year,14774,50530,65304,50530,65304,3,Massachusetts,73600,135500,47,86,6381,0,65304
Xavier University of Louisiana,Louisiana,LA,Private,4 Year,9047,24488,33535,24488,33535,11,Louisiana,46700,88200,63,35,2976,0,33535
Yale University,Connecticut,CT,Private,4 Year,16000,53430,69430,53430,69430,1,Connecticut,70300,138300,53,22,12336,1,69430
Yeshiva University,New York,NY,Private,4 Year,12250,43500,55750,43500,55750,15,New-York,63500,112800,40,11,6348,0,55750
